Навание блюда;Состав;Картинка
Картошка, тушенная с курицей и сливками;Картошка с курицей — универсальное блюдо на каждый день, которое можно готовить в разных вариантах. Сегодня тушим картошку с курицей в сливках, а для более выразительного вкуса добавим ароматные пряности. Несмотря на простоту приготовления, блюдо получается очень насыщенным, питательным, с приятным сливочным послевкусием.картофель, куриное филе, сливки, масло сливочное, соль, перец чёрный молотый, паприка молотая, травы сухие итальянские, мука, вода;https://www.russianfood.com///img1.russianfood.com/dycontent/images_upl/587/sm_586229.jpg
Чечевица с рисом (факоризо);Факоризо – питательное и ароматное блюдо греческой кухни из чечевицы и риса. По вкусу оно напоминает вегетарианский плов. Богатая белком чечевица хорошо заменяет мясо и добавляет яркий вкус рису. Готовится факоризо довольно просто.чечевица, рис длиннозерный, лук репчатый, томат-паста, масло растительное, соль, перец чёрный молотый, тмин, лук зелёный;https://www.russianfood.com///img1.russianfood.com/dycontent/images_upl/595/sm_594515.jpg
Пирог на кефире с копчёными сосисками, сыром и зелёным луком;Мягенький, пористый и очень нежный пирог на кефире – превосходная, несложная и сытная выпечка! Тесто готовится как для заливного пирога, оно достаточно жидкое, вот только заливать начинку не придётся – сосиски, сыр и зелёный лук просто вмешиваются в тесто. Сыр, расплавившись в тесте, придаёт пирогу отчётливый сырно-сливочный вкус и приятную маслянистость, а сосиски и зелёный лук доведут вкус выпечки до совершенства!кефир, яйца, сосиски, сыр твёрдый, лук зелёный, мука, разрыхлитель, соль, перец чёрный молотый;https://www.russianfood.com///img1.russianfood.com/dycontent/images_upl/583/sm_582380.jpg
Кабачки, запеченные в духовке, с фаршем и рисом;Из кабачков можно приготовить огромное количество различных вкусных блюд, но полезнее всего кабачки в запеченном виде. По этому рецепту кабачки запекаются в духовке с мясным фаршем, рисом, помидорами и сыром.кабачки, фарш мясной, рис, помидоры, сыр твёрдый, соль, перец чёрный молотый, сметана, томат-паста;https://www.russianfood.com///img1.russianfood.com/dycontent/images_upl/146/sm_145541.jpg
Свинина, тушенная в сметанно-горчичном соусе с мёдом;Обжаренное мясо тушится в оригинальном сметанно-горчичном соусе с добавлением мёда. Свинина получается нежной, очень мягкой, с приятным чуть сладковатым и вместе с тем пряным вкусом и ароматом итальянских трав.свинина, лук репчатый, мёд, горчица, сметана, мука, масло подсолнечное, соль, травы сухие итальянские, перец чёрный молотый;https://www.russianfood.com///img1.russianfood.com/dycontent/images_upl/592/sm_591694.jpg
Куриные оладьи с зеленью и сыром;Очень люблю оладушки из курочки. И быстро, и очень вкусно.фарш куриный, яйца, сыр твёрдый, сметана, мука, зелень укропа, лук зелёный, соль, перец, карри, масло растительное;https://www.russianfood.com///img1.russianfood.com/dycontent/images_upl/64/sm_63753.jpg
Манник на кефире с курицей, грибами и зеленью;Манники бывают не только сладкими, но и солёными. Оригинальный заливной пирог – манник на кефире с курицей, грибами и зеленью. В пироге много ароматной сытной начинки, окружённой тонким вкусным тестом. Такая выпечка отлично выступит в роли второго блюда или дополнит первые.крупа манная, кефир, яйца, разрыхлитель, сода, соль, куриное филе, грибы, лук репчатый, масло растительное, зелень петрушки, кориандр, паприка молотая, соль...;https://www.russianfood.com///img1.russianfood.com/dycontent/images_upl/591/sm_590202.jpg
Гречка с курицей и грибами в томатно-горчичном соусе;Гречневая каша – идеальный полезный гарнир. А чтобы гарнир не был слишком сухим, приготовим к нему подливу – курицу с грибами в горчично-томатном соусе. Вкус получится несколько необычным и немного пикантным.крупа гречневая, куриное филе, шампиньоны, лук репчатый, морковь, томат-паста, горчица, масло подсолнечное, соль, перец чёрный молотый, зелень укропа;https://www.russianfood.com///img1.russianfood.com/dycontent/images_upl/594/sm_593969.jpg
Нежные  оладьи из куриного фарша;Быстрое решение ужина - рекомендую вкусные оладьи. А на гарнир, что душа пожелает.фарш куриный, яйца, булочка, молоко, лук репчатый, сыр твёрдый, сметана, соль, перец чёрный молотый, зелень;https://www.russianfood.com///img1.russianfood.com/dycontent/images_upl/72/sm_71667.jpg
Рыбные котлеты из консервы;Рыбные котлеты из консервы в масле готовятся очень просто и быстро. Если вдруг захотелось чего-то рыбного, а из рыбы - только консервы.рыба консервированная в масле, хлопья овсяные, яйца, лук зелёный, масло растительное, масло растительное, соль;https://www.russianfood.com///img1.russianfood.com/dycontent/images_upl/140/sm_139783.jpg
Скумбрия, запечённая в сметанно-сырном соусе;Очень вкусной получается скумбрия, если запечь её в правильном соусе. Смешаем сметану, натёртый сыр, яйцо, добавим для пряности прованские травы, зальём соусом рыбу и запечём. Скумбрия получается нежной и сочной, идеально дополненной ароматным соусом со сливочно-сырным вкусом.скумбрия, сыр твёрдый, сметана, яйца, соль, перец чёрный молотый, травы пряные, зелень петрушки;https://www.russianfood.com///img1.russianfood.com/dycontent/images_upl/595/sm_594860.jpg
"Закуска ""Лодочки"" из яиц с оливками";Эта вкусная закуска из яиц украсит ваш стол на любой праздник: день рождения, Новый год...яйца, масло сливочное, творог, оливки, сахар, лук зелёный, петрушка, перец чёрный молотый, соль, салат зеленый, чеснок;https://www.russianfood.com///img1.russianfood.com/dycontent/images_upl/40/sm_39422.jpg
Рулетики из лаваша с фаршем, запечённые под сметанно-сырным соусом;Используя тонкий лаваш, можно приготовить вкусные рулетики. Для сытной начинки возьмём мясной фарш, который обжарим с морковью и луком. Рулеты запечём в духовке, а чтобы они были сочными, зальём сметанно-сырным соусом. Лаваш под сырной шапочкой и ароматная начинка внутри - это очень аппетитно!лаваш, фарш мясной, лук репчатый, морковь, сыр моцарелла, сметана, яйца, паприка молотая, приправа, чеснок, перец чёрный молотый, соль, масло растительное;https://www.russianfood.com///img1.russianfood.com/dycontent/images_upl/595/sm_594878.jpg
Свинина, запечённая с сухофруктами и медовой глазурью;Мясо фаршируется курагой, черносливом и инжиром и запекается в аппетитной глазури на основе мёда, красного вина и растительного масла. Глазурь создаёт на поверхности мяса аппетитную поджаристую корочку. Сладость и сочность фруктов гармонично оттеняет солоноватый, с перчинкой вкус мяса. Активная готовка займёт не так много времени, а блюдо получится эффектным и очень вкусным. Давайте баловать свою семью лакомыми блюдами не только на праздники.свинина, курага, чернослив без косточек, инжир сушеный, соль, перец молотый, вино красное сухое, мёд, масло растительное, салат листовой;https://www.russianfood.com///img1.russianfood.com/dycontent/images_upl/468/sm_467342.jpg
Кабачки, маринованные со сладким перцем, крыжовником и красной смородиной;Кабачки, маринованные с болгарским перцем, крыжовником и красной смородиной, — это невероятно вкусная и красивая закуска, которая идеально разнообразит любой стол. Все ингредиенты пропитываются отменным кисло-сладким маринадом, плюс кислоту добавляет крыжовник и красная смородина — очень гармонично. Процесс приготовления простой и быстрый, главное, тщательно вымыть овощи и ягоды и хорошо подготовить тару для консервации.кабачки, перец болгарский, смородина красная, крыжовник, вода, соль, уксус, сахар;https://www.russianfood.com///img1.russianfood.com/dycontent/images_upl/525/sm_524155.jpg
Капуста, тушенная с грибами и фасолью;Вкусно потушить капусту несложно, главное – подобрать для неё гармоничную компанию. Классическую связку – капуста, лук и морковь – дополним шампиньонами и консервированной фасолью. Они не только сделают блюдо сытнее и насыщеннее, но и добавят яркий вкус и аромат.капуста белокочанная, шампиньоны, фасоль консервированная, морковь, лук репчатый, томат-паста, кориандр, хмели-сунели, соль, перец чёрный молотый, масло растительное;https://www.russianfood.com///img1.russianfood.com/dycontent/images_upl/592/sm_591948.jpg
Ведарай (литовская картофельная колбаса);"Невероятно вкусное и сытное блюдо под названием ""Ведарай"" - картофельная колбаса с беконом, которую вы можете подать как с майонезом, так и со сметаной, к обеду или ужину.картофель, сало, бекон, лук, кишки свиные, чеснок, сок лимонный, соль, перец чёрный молотый";https://www.russianfood.com///img1.russianfood.com/dycontent/images_upl/211/sm_210180.jpg
Тосканский пирог с кабачками и сыром;Сытный, в меру влажный и пикантный пирог с кабачками и сыром – отличная выпечка. Благодаря большому количеству кабачка, пирог получается очень сочным и легким. Его можно подать как самостоятельное блюдо, с ложкой домашнего майонеза или сметаны, или поставить на праздничный стол, в качестве закуски.кабачки, сыр твёрдый, лук зелёный, чеснок, яйца, молоко, вода, мука, соль, масло растительное;https://www.russianfood.com///img1.russianfood.com/dycontent/images_upl/139/sm_138864.jpg
Закусочные палочки-спиральки из слоёного теста с беконом (в духовке);Простые и быстрые в приготовлении закусочные палочки из слоёного дрожжевого теста с беконом. Раскатали тесто, нарезали полосками, свернули жгутиками с ароматным беконом, испекли в духовке до хруста и аппетитнейших ароматов. Всё очень просто!тесто слоеное, бекон, мука, соль, перец чёрный молотый, яйца;https://www.russianfood.com///img1.russianfood.com/dycontent/images_upl/587/sm_586396.jpg
Маринованные баклажаны с имбирём, хреном и зеленью;"Маринованные баклажаны с имбирём, хреном и зеленью готовятся на раз-два, а разметаются со стола ещё быстрее. Свежие травы, корень хрена, имбирь и свежий чеснок составляют отличный квартет, который поможет правильно расставить вкусовые акценты. Имбирь придаст нейтральным баклажанам лёгкую цитрусовую горчинку, а хрен с чесноком станут ""тяжёлой артиллерией"" в борьбе за пикантность закуски. Готовить несложно, но придётся подождать, когда овощи промаринуются.баклажан, корень имбиря, корень хрена, зелень, уксус столовый, чеснок, масло растительное, сахар коричневый, соль";https://www.russianfood.com///img1.russianfood.com/dycontent/images_upl/531/sm_530237.jpg
Рулет из куриной печени, с сыром;Паштет из куриной печени, который приготовлен в виде рулета с начинкой из сыра, масла и яиц.печень куриная, сметана, лук репчатый, яйца, мука, сыр, масло сливочное, орех мускатный, соль, перец чёрный молотый, масло растительное;https://www.russianfood.com///img1.russianfood.com/dycontent/images_upl/214/sm_213956.jpg
Картофельные котлеты с консервированной фасолью;Для любителей блюд из картофеля предлагаю приготовить очень простые картофельные котлеты. Отварной картофель и консервированную фасоль пропускаем через мясорубку, смешиваем с чесноком и укропом, формируем котлеты, обваливаем их в муке и обжариваем. Получаем нежные, вкусные и сытные котлеты к обеду или ужину.картофель, фасоль консервированная, чеснок, зелень укропа, мука, масло растительное, соль, перец чёрный молотый;https://www.russianfood.com///img1.russianfood.com/dycontent/images_upl/582/sm_581962.jpg
Цветная капуста, запечённая с сыром и сметаной;Цветную капусту, запечённую с сыром и сметанно-горчичным острым соусом, может приготовить даже начинающий кулинар. Капуста получается очень нежной, с лёгким сливочным вкусом - прямо-таки тает во рту! Такая запечённая цветная капуста отлично подойдёт и в качестве гарнира, и как лёгкое самостоятельное блюдо.капуста цветная, сметана, сыр твёрдый, масло сливочное, горчица, перец красный молотый, перец чёрный молотый, соль;https://www.russianfood.com///img1.russianfood.com/dycontent/images_upl/595/sm_594594.jpg
Куриные сердечки, тушенные в пиве;Небанальный способ вкусно приготовить куриные сердечки — это потушить их в пиве с луком и морковью. Во время тушения пиво размягчает субпродукты. Сердечки получаются очень нежными, с тонким послевкусием солода и лёгкой горчинкой.сердце куриное, пиво, морковь, лук репчатый, масло растительное, чеснок, травы пряные, соль, перец чёрный молотый;https://www.russianfood.com///img1.russianfood.com/dycontent/images_upl/592/sm_591809.jpg
Куриный рулет с омлетом, грибами и изюмом;Оригинальная закуска – с изюминкой в прямом смысле слова. Рулет из куриного фарша с начинкой из омлета, жареных грибов с луком и изюма, запечённый в духовке. Сочетание курицы, грибов и яиц привычное, а добавление изюма придаёт блюду особый, чуть сладковатый вкус.куриное филе, шампиньоны, лук репчатый, яйца, изюм, майонез, масло растительное, соль, перец чёрный молотый;https://www.russianfood.com///img1.russianfood.com/dycontent/images_upl/595/sm_594697.jpg
Тефтели из печени с рисом и сыром в сметанно-томатном соусе;Из куриной печени можно приготовить оригинальные, очень нежные и вкусные тефтели. Кроме отваренной печени и риса в фарш добавляется натёртый твёрдый сыр, что делает вкус тефтелей ещё интереснее и ярче. Тефтельки готовятся в сметанно-томатном соусе. Блюдо получается сытным, ароматным и очень аппетитным.печень куриная, рис, сыр твёрдый, лук репчатый, морковь, яйца, чеснок, томат-паста, сметана, мука, соль, перец чёрный молотый, масло растительное;https://www.russianfood.com///img1.russianfood.com/dycontent/images_upl/589/sm_588772.jpg
Скумбрия в винном маринаде, жаренная в яйце;Скумбрия — полезная и питательная рыба, но едят её обычно или копчёной, или запечённой в духовке. Это объясняется тем, что она обладает ярко выраженным рыбным вкусом. Но если замариновать скумбрию в смеси сухого белого вина и лимонного сока, а затем обвалять в муке, окунуть в яйца и обжарить - вкус изменится до неузнаваемости.скумбрия, лимон, вино белое сухое, яйца, мука, соль, перец чёрный молотый, масло растительное, зелень укропа;https://www.russianfood.com///img1.russianfood.com/dycontent/images_upl/533/sm_532934.jpg
Картофель гратен;Картофель гратен запекаю с луком и сыром в курином бульоне, получается всегда одинаково вкусно. В моей семье гратен из картофеля - это универсальный гарнир.картофель, тимьян, масло оливковое, лук репчатый, бульон куриный, масло сливочное, сыр груйер, сыр пармезан, соль, перец чёрный молотый;https://www.russianfood.com///img1.russianfood.com/dycontent/images_upl/43/sm_42709.jpg
Жаркое из куриной печени, с яблоками и болгарским перцем;Из куриной печени можно приготовить много вкусных и оригинальных блюд, например жаркое из куриной печени, с яблоками и болгарским перцем.печень куриная, лук репчатый, яблоко, перец болгарский, зелень петрушки, перец молотый, чеснок, соль;https://www.russianfood.com///img1.russianfood.com/dycontent/images_upl/229/sm_228157.jpg
Паштет из куриных сердечек с морковкой и луком;Всем привет, друзья! Сегодня хочу предложить вам рецепт обалденного домашнего паштета из куриных сердечек с луком и морковкой. Получается он невероятно нежным. Подавать паштет можно как закуску, или же использовать для начинки в блины. Идеально подходит на завтрак к чаю!сердце куриное, лук репчатый, морковь, масло растительное, масло сливочное, хмели-сунели, куркума, лавровый лист, перец чёрный горошком, соль, перец чёрный молотый, вода;https://www.russianfood.com///img1.russianfood.com/dycontent/images_upl/590/sm_589093.jpg
Малосольные огурцы с яблоками;Вроде бы уже наелись свежих огурчиков), можно приготовить и малосольные. Хрустящие огурцы с яблоками получаются очень вкусными — благодаря яблокам чувствуется фруктовая нотка и лёгкая кислинка. Малосольные огурцы готовятся совсем быстро. Этот простой рецепт достоин вашего внимания.огурцы, яблоко, соцветия укропа, листья вишневые, листья хрена, вода, соль, перец горошком;https://www.russianfood.com///img1.russianfood.com/dycontent/images_upl/519/sm_518755.jpg
Скумбрия, фаршированная стручковой фасолью (в духовке);Запечённая скумбрия, фаршированная стручковой фасолью, – вкусное, сытное и полезное блюдо, которое отлично подойдёт для обеда или ужина. Сочетание ароматной стручковой фасоли, обжаренной на сковороде с луком, и нежной сочной рыбки – беспроигрышное. А ещё такое блюдо приготовить очень просто!скумбрия, фасоль стручковая, лук репчатый, масло растительное, соль, перец чёрный молотый, чеснок, лимон, масло оливковое;https://www.russianfood.com///img1.russianfood.com/dycontent/images_upl/595/sm_594977.jpg
Острый соус из черешни к мясу;Мясные блюда отлично сочетаются с фруктовыми и ягодными соусами. Кто-то любит острые соусы, кому-то по душе кисло-сладкий вкус. Предлагаю приготовить острый соус из черешни с перцем чили и корнем имбиря. В результате нехитрых действий получился очень острый соус с кисло-сладким вкусом.черешня, сахар, уксус бальзамический, корень имбиря, перец стручковый, корица молотая, перец чёрный молотый, соль, агар, вода;https://www.russianfood.com///img1.russianfood.com/dycontent/images_upl/518/sm_517475.jpg
Кабачки с копчёным куриным мясом, в сырном соусе;Нетривиальное сочетание кабачков, копчёного куриного мяса и плавленого сыра в результате нехитрых манипуляций превращается в оригинальное и очень вкусное блюдо. Копчёная курица облагораживает нейтральный вкус кабачка, а плавленый сыр, превращаясь в нежный соус, объединяет эти два ингредиента.кабачки, куриные окорочка, сыр плавленый, чеснок, соль, перец чёрный молотый, масло подсолнечное, сыр твёрдый;https://www.russianfood.com///img1.russianfood.com/dycontent/images_upl/523/sm_522731.jpg
Свинина, тушенная с черносливом и яблоками;Несколько необычный способ приготовления тушёной свинины. За счёт того, что вместо воды используется яблочный сок, свинина получается очень мягкой и с приятной кислинкой. Чернослив придаёт копчёный аромат, отчего создаётся впечатление, что блюдо приготовлено на костре.свинина, яблоко, чернослив, сок яблочный, лук репчатый, масло растительное, соль, орех мускатный, травы пряные, перец чёрный молотый, кунжут;https://www.russianfood.com///img1.russianfood.com/dycontent/images_upl/591/sm_590094.jpg
Помидоры, запеченные в сливках под сырной корочкой;Невероятно простое и в то же время вкусное блюдо из помидоров, сливок и сыра. Необычный вкус запеченным помидорам придает мята.помидоры, сливки, мята свежая, масло оливковое, сахар, сыр твёрдый, соль, перец чёрный молотый;https://www.russianfood.com///img1.russianfood.com/dycontent/images_upl/52/sm_51870.jpg
Картофель в мундире, запечённый в горчичном соусе;Запекаем картофель в пряном соусе из горчицы, лимонного сока, цедры и пряностей. Картофель при этом даже чистить не придётся. Несложно в приготовлении, но очень вкусно - прекрасный гарнир или даже основное блюдо в пост.картофель, масло оливковое, горчица, сахар, лимон, паприка молотая, розмарин, соль, перец чёрный молотый;https://www.russianfood.com///img1.russianfood.com/dycontent/images_upl/589/sm_588897.jpg
Рыбные сардельки (колбаски);Простой способ изготовления домашних колбасок в домашних условиях, если у вас нет мясорубки с насадками для купат. Этим способом можно готовить и мясные колбаски. Предлагаю вам вариант сарделек-колбасок из рыбы. Необычно и вкусно.филе рыбы, лук репчатый, сливки, яйца, соль, специи;https://www.russianfood.com///img1.russianfood.com/dycontent/images_upl/91/sm_90146.jpg
Пряный соус (чатни) из персиков с изюмом и луком (на зиму);Тёплое время года — горячая пора для заготовок. Сезонные фрукты в самом разгаре, а значит можно приготовить что-то необычное из обычных ингредиентов. Предлагаю немного погурманить и приготовить пряный соус (чатни) из персиков с изюмом и луком на зиму. Соус довольно густой, с кусочками фруктов, ароматный, островатый, с преобладающей сладковатой ноткой и небольшой кислинкой. Его можно подать к любому гарниру, мясу или рыбе.персик, лук репчатый красный, изюм, уксус яблочный, масло растительное, перец острый, имбирь молотый, семена горчицы, зира, куркума молотая, корица молотая, гвоздика...;https://www.russianfood.com///img1.russianfood.com/dycontent/images_upl/529/sm_528568.jpg
"Cалат ""Свекла с грибами""";Салат из отварной свеклы с маринованными грибами.свекла отварная, грибы маринованные, лук репчатый, майонез постный;https://www.russianfood.com///img1.russianfood.com/dycontent/images_upl/55/sm_54968.jpg
Огуречный салат с сыром фета;Приготовьте этот оригинальный салат, и ваш обед заиграет новыми красками.огурцы, сыр фета, перец чёрный молотый, масло оливковое, кунжут, соль;https://www.russianfood.com///img1.russianfood.com/dycontent/images_upl/42/sm_41964.jpg
Пюре из свёклы и картофеля;Приготовьте картофельное пюре с добавлением измельчённой отварной свеклы, получится яркое, полезное и вкусное блюдо. Такое пюре — замечательная возможность сделать будничное блюдо необычным и интересным.картофель, свекла, молоко, масло сливочное, орех мускатный, соль, перец чёрный молотый;https://www.russianfood.com///img1.russianfood.com/dycontent/images_upl/540/sm_539319.jpg
Расстегаи с капустой;Начиняют расстегаи рыбой, мясом и т. д. Мы же хотим предложить вам расстегаи с капустой.мука, дрожжи, молоко, сахар, масло растительное, капуста белокочанная, морковь, лук репчатый, соль;https://www.russianfood.com///img1.russianfood.com/dycontent/images_upl/121/sm_120043.jpg
Скумбрия с луком и майонезом в мультиварке;Вкусная рыбка без хлопот. Я люблю готовить скумбрию в пароварке, в микроволновке, в духовке. А сейчас мне подарили мультиварку. Мой первый опыт.скумбрия, лук репчатый, майонез, соль, перец, сок лимонный, травы;https://www.russianfood.com///img1.russianfood.com/dycontent/images_upl/45/sm_44925.jpg
Куриные бёдрышки, тушенные с грибами, овощами и соевым соусом;Простой рецепт курицы с грибами на сковороде. Куриные бёдрышки сперва обжариваем до румяности, а затем тушим с соевым соусом, луком, морковью и грибами. Куриное мясо получается сочным и нежным, а шампиньоны - упругими. Соевый соус прекрасно дополняет курицу с грибами и придаёт им интересный насыщенный вкус и цвет.Куриные бедрышки, шампиньоны, морковь, лук репчатый, соус соевый, приправа, перец чёрный молотый, перец красный молотый, соль, масло растительное;https://www.russianfood.com///img1.russianfood.com/dycontent/images_upl/593/sm_592585.jpg
Фаршированный картофель в мультиварке;Картофель, фаршированный курицей и грибами, будет очень красиво смотреться на праздничном столе. Может выступать и в качестве гарнира, и как самостоятельное блюдо. Несмотря на простоту приготовления, фаршированный картофель невероятно вкусный и очень сытный.картофель, куриная грудка, шампиньоны, сыр плавленый, лук репчатый, майонез, специи, соль, масло растительное, сало свиное;https://www.russianfood.com///img1.russianfood.com/dycontent/images_upl/121/sm_120138.jpg
Домашняя колбаса из курицы и куриной печени;Колбаса из курицы и куриной печени получается невероятно аппетитной, сочной и ароматной. Основной плюс такого блюда – вы точно будете знать из чего оно приготовлено, при этом домашняя колбаса порадует не только пользой, но и отменным вкусом.курица, печень куриная, сало свиное, лук репчатый, чеснок, соль, перец чёрный молотый;https://www.russianfood.com///img1.russianfood.com/dycontent/images_upl/587/sm_586301.jpg
Пестрый салат из фасоли и печеного перца;Перец болгарский печеный очень хорошо сочетается с фасолью. Предлагаю приготовить салат питательный и пикантный, используя фасоль и печеный перец, замаринованный в бальзамическом уксусе, но для его приготовления фасоль необходимо приготовить накануне.перец болгарский, фасоль, лук репчатый, чеснок, сыр твёрдый, уксус бальзамический, масло оливковое, сок лимона, кресс-салат, перец чёрный молотый, соль, сахар;https://www.russianfood.com///img1.russianfood.com/dycontent/images_upl/145/sm_144595.jpg
Картофельное пюре с кабачками;Вариантов приготовления картофельного пюре не счесть. Сегодня познакомимся с ещё одним - приготовим воздушное картофельное пюре с кабачками, зелёным луком и петрушкой. Пюре получается ароматным и имеет характерный картофельный вкус с приятным оттенком кабачка и зелени.картофель, кабачки, лук зелёный, зелень петрушки, молоко, масло сливочное, соль, перец чёрный молотый;https://www.russianfood.com///img1.russianfood.com/dycontent/images_upl/519/sm_518954.jpg
Куриные рулетики с брынзой и шпинатом, в фольге;Рулеты из куриного филе с брынзой и шпинатом готовятся несложно. Блюдо красиво выглядит на столе, начинка – смесь мягкой брынзы и сочного шпината – отлично гармонирует с курицей. Благодаря запеканию в фольге с кусочками сливочного масла куриное мясо получается нежным и мягким.куриное филе, брынза, шпинат, масло сливочное, соль, перец чёрный молотый;https://www.russianfood.com///img1.russianfood.com/dycontent/images_upl/595/sm_594376.jpg
Рагу с курицей, картошкой, стручковой фасолью и помидорами (в духовке)НОВЫЙ;Интересный рецепт сытного рагу с курицей, картошкой, томатами и стручковой фасолью. Готовить рагу будем в духовке, под фольгой, за счёт чего и овощи, и куриное мясо получаются сочными. А насыщенный вкус рагу обеспечивает томатная паста.куриное филе, картофель, помидоры, морковь, фасоль стручковая, лук репчатый, томат-паста, чеснок, травы пряные, масло растительное, соль, перец чёрный молотый;https://www.russianfood.com///img1.russianfood.com/dycontent/images_upl/595/sm_594462.jpg
Караси, запечённые с картошкой в майонезно-чесночном соусе (в духовке)НОВЫЙ;Караси, запечённые с картошкой в майонезно-чесночном соусе, — сытное второе блюдо, которое можно приготовить к обеду и ужину. В нём и нежная ароматная рыбка и мягкий нежный картофель на гарнир. Благодаря вкусному соусу на основе майонеза блюдо получается крайне аппетитным.карась, картофель, майонез, чеснок, масло растительное, приправа, соль, перец чёрный молотый;https://www.russianfood.com///img1.russianfood.com/dycontent/images_upl/595/sm_594978.jpg
Солёная селёдка в горчичном соусеНОВЫЙ;Солёная селёдка, маринованная в горчичном соусе, с луком, — отличная закуска как на каждый день, так и к праздничному столу. С разделкой рыбы придётся немного повозиться, так как мариновать будем именно филе. А вот маринад из двух видов горчицы, соли, сахара, уксуса и растительного масла готовится элементарно. Закуска будет готова уже на следующий день.сельдь м\с, лук репчатый, горчица, горчица столовая, сахар, уксус столовый, масло растительное, соль, вода;https://www.russianfood.com///img1.russianfood.com/dycontent/images_upl/593/sm_592613.jpg
Макароны с консервированным тунцом, шпинатом и йогуртомНОВЫЙ;Имея в запасе баночку консервированного тунца, можно быстро и просто приобщиться к средиземноморской кухне. Приготовим макароны, а для соуса возьмём греческий йогурт, рыбу и витаминный шпинат. Йогурт прекрасно раскрывает изысканный вкус шпината и тунца, пропитывает макароны и придаёт им приятную сливочную нотку. Блюдо получается питательным, но в то же время лёгким.макароны, тунец консервированный, шпинат, йогурт, масло оливковое, соль, перец чёрный молотый;https://www.russianfood.com///img1.russianfood.com/dycontent/images_upl/596/sm_595776.jpg
Тушёные куриные сердечки с грибами и сметанойНОВЫЙ;Отличный рецепт приготовления вкусных куриных сердечек. Благодаря длительному тушению сердечки получаются очень мягкими и нежными. А сметана вместе с грибами, обжаренными с луком, придают блюду питательность, аромат и приятный привкус.сердце куриное, шампиньоны, лук репчатый, сметана, масло растительное, соль, перец чёрный молотый;https://www.russianfood.com///img1.russianfood.com/dycontent/images_upl/596/sm_595341.jpg
Рис с колбасой и помидорами, на сковородеНОВЫЙ;По этому рецепту не нужно отдельно варить рис, всё готовится в одной посуде. Рассыпчатый рис в сочетании с ароматной колбасой и сочным помидором составляют очень вкусное трио. А добавление майонеза придаёт блюду интересный привкус и завершённость.;https://www.russianfood.com///img1.russianfood.com/dycontent/images_upl/596/sm_595783.jpg
Майонез с обжаренным чеснокомНОВЫЙ;Майонез по этому рецепту получается средней густоты, с небольшой кислинкой и обладает выраженным ореховым послевкусием благодаря обжаренному чесноку. Соус отлично подойдёт к мясным и рыбным блюдам, для маринования мяса, овощей перед запеканием, для приготовления бутербродов и салатов. Экспериментируйте!;https://www.russianfood.com///img1.russianfood.com/dycontent/images_upl/596/sm_595948.jpg
Тушёная молодая капуста с сосисками и фасольюНОВЫЙ;Тушёная молодая белокочанная капуста — удачный вариант быстрого ужина. Чтобы блюдо получилось сытным, добавим к капусте фасоль и сосиски. Фасоль даже не нужно варить заранее — используем консервированную. А томатная паста, чеснок и карри сделают вкус блюда ярче.капуста белокочанная, фасоль консервированная, сосиски, лук репчатый, чеснок, томат-паста, карри, соль, перец чёрный молотый, масло растительное;https://www.russianfood.com///img1.russianfood.com/dycontent/images_upl/596/sm_595533.jpg
Кускус со шпинатом в сливочном соусеНОВЫЙ;Простой и быстрый в приготовлении гарнир из нескольких основных продуктов. Вкус и яркость блюду задаёт сливочный соус с нежным шпинатом, чесноком, зелёным луком и пряностями. Кускус получается ароматным и приобретает лёгкие сливочные нотки.;https://www.russianfood.com///img1.russianfood.com/dycontent/images_upl/596/sm_595551.jpg
Картошка, запечённая под морковно-сырной шубкойНОВЫЙ;Картошка, запечённая под морковно-сырной шубкой, получается сочной, сытной и вкусной. Готовится блюдо из доступных и недорогих продуктов. Морковь и лук перед запеканием сперва обжариваем, так их вкус будет более выраженным в готовом блюде. А сметана и сыр придадут овощам яркий сливочный оттенок.;https://www.russianfood.com///img1.russianfood.com/dycontent/images_upl/597/sm_596036.jpg
Тефтели в молочно-сырном соусеНОВЫЙ;Нежные, вкусные и очень простые в приготовлении тефтели из куриного фарша станут настоящей палочкой-выручалочкой. Благодаря соусу из молока и плавленого сыра, в котором тушатся мясные шарики, они получаются сочными, с насыщенным сливочным вкусом. А густая подливка облагородит любой гарнир.;https://www.russianfood.com///img1.russianfood.com/dycontent/images_upl/596/sm_595715.jpg
Вареники с крапивой;Полезный вариант вареников - это вареники с начинкой из свежей крапивы и разных сыров!мука пшеничная, молоко, яйцо куриное, масло растительное, соль, крапива, творог, сыр, сыр;https://www.russianfood.com///img1.russianfood.com/dycontent/images_upl/190/sm_189232.jpg
Куриные рубленые котлеты с крапивой и петрушкой;Обычные куриные котлеты можно превратить в интересное блюдо – не только по вкусу, но и визуально котлеты становятся очень яркими и аппетитными, если в рецептуру ввести обычную крапиву. Котлеты получаются очень нежными, вкусными и полезными. Попробуйте!куриное филе, крапива, зелень петрушки, лук репчатый, морковь, яйца, мука, перец чёрный молотый, соль, масло подсолнечное;https://www.russianfood.com///img1.russianfood.com/dycontent/images_upl/423/sm_422459.jpg
Мясной салат с грибами и гранатом;Предлагаем рецепт салата с говядиной, шампиньонами и зернами граната. Кисловатый гранат придаёт мясным блюдам особую изюминку и необходимую свежесть. Кроме того, зерна граната сделают салат ярким и выразительным.вырезка говяжья, гранат, шампиньоны, орех грецкий, листья салата, лук, майонез салатный, чеснок, масло, соль, перец чёрный молотый;https://www.russianfood.com///img1.russianfood.com/dycontent/images_upl/121/sm_120412.jpg
Закусочный блинный торт с селедочным паштетом;Рецепт закусочного блинного торта с начинкой из селедочного паштета.блинчики, сельдь соленая, лук репчатый, морковь, яйца, сыр сливочный, сметана, масло растительное, зелень петрушки;https://www.russianfood.com///img1.russianfood.com/dycontent/images_upl/324/sm_323791.jpg
Тефтели из рыбных консервов и риса (в духовке);Консервированная рыба прекрасно сочетается с рисом. Тефтели из горбуши и риса, запечённые в духовке, получаются сочными, ароматными и очень аппетитными. А если в конце запекания смазать тефтели сметанно-чесночным соусом, вкус станет более изысканным.горбуша консервированная, рис, лук репчатый, морковь, яйца, сметана, чеснок, крахмал, мука, соль, перец чёрный молотый, масло растительное;https://www.russianfood.com///img1.russianfood.com/dycontent/images_upl/592/sm_592000.jpg
Спагетти с чечевицей и грибами;Из чечевицы, приготовленной вместе с обжаренными шампиньонами, помидорами и пряными сушёными травами, получается отличный соус, который прекрасно сочетается с отварными спагетти. Несмотря на отсутствие мяса, блюдо получается очень сытным и вкусным. Спагетти с чечевицей и грибами могут выступать и гарниром, и самостоятельным блюдом в постные дни.спагетти, чечевица красная, шампиньоны, лук репчатый, помидоры консервированные в собственном соку, чеснок, базилик, орегано, розмарин, тмин, масло оливковое, соль...;https://www.russianfood.com///img1.russianfood.com/dycontent/images_upl/592/sm_591903.jpg
Закуска из скумбрии с солёными огурцами, луком и томатной пастой;Ароматная, сочная, с очень насыщенным вкусом закуска из скумбрии. Припущенная скумбрия маринуется в пикантном маринаде из солёных огурцов, лука, томатной пасты и уксуса. Вкус рыбки получается очень ярким. Такую закуску и на праздничный стол можно подать, да и в повседневном меню с отварной картошкой тоже будет кстати.скумбрия, лук репчатый, огурцы солёные, морковь, томат-паста, масло растительное, корень петрушки, уксус, соль, перец чёрный молотый;https://www.russianfood.com///img1.russianfood.com/dycontent/images_upl/512/sm_511258.jpg
Запеченная картошка, фаршированная креветками и огурцом;Фаршированный картофель - отличный вариант для праздничного стола или просто для обеда, ужина. Простой в приготовлении и вкусный рецепт запеченного картофеля не только хорошо насытит, но и поднимет настроение. Ведь полезная, вкусная и эстетически красиво оформленная еда всегда делает день и вечер приятнее.картофель, креветки отварные очищенные, огурцы, сыр твёрдый, сметана, майонез, соль, масло растительное;https://www.russianfood.com///img1.russianfood.com/dycontent/images_upl/106/sm_105401.jpg
Стожки с капустой;"Стожки - это блюдо из фарша, которое сверху дополняет ""шубка"" из картофеля, но сегодня заменим его капустой. Получается еще вкуснее и сочнее. Стожки с капустой и сыром готовятся в духовке, подойдут к семейному или даже праздничному столу. Такое блюдо выручит всегда: получается сытно, и гарнир не нужен, да и готовится просто!фарш мясной, капуста белокочанная, лук репчатый, яйца отварные, сыр твёрдый, сметана, соль, перец чёрный молотый, масло растительное, картофель";https://www.russianfood.com///img1.russianfood.com/dycontent/images_upl/283/sm_282302.jpg
Свиная рулька (голень) в пиве;Это фирменное блюдо моего мужа. Особенно хорошо зимой. Сытно и вкусно!рулька свиная, лук репчатый, морковь, шампиньоны консервированные, шампиньоны свежие, пиво светлое, масло растительное, соль, перец чёрный молотый;https://www.russianfood.com///img1.russianfood.com/dycontent/images_upl/39/sm_38690.jpg
Тыква, жаренная с айвой и морковью;Простое солнечное осеннее блюдо, в котором яркость вкусов и ароматов не уступает внешнему виду. Вкусы сладковатой тыквы и моркови отлично переплетаются с тёрпкостью и лёгкой кислинкой айвы. Этот букет прекрасно дополнен ароматами карри, паприки, чеснока и итальянских трав.тыква, айва, морковь, лук репчатый, масло растительное, карри, травы сухие итальянские, паприка молотая, чеснок, перец молотый, соль;https://www.russianfood.com///img1.russianfood.com/dycontent/images_upl/542/sm_541500.jpg
Запеканка из молодой капусты с творогом;Сочная запеканка из молодой белокочанной капусты и творога - прекрасное, полезное и диетическое блюдо. Молодая капуста, в отличие от зрелой, создаёт именно ту неповторимо нежную текстуру запеканки (хотя и со зрелой капустой получится вкусно). Овсяные хлопья придают капустно-творожной запеканке стабильность - в остывшем виде срез ровный и аккуратный, а зелёный лук отвечает за приятный аромат готового блюда.капуста белокочанная, творог, яйца, хлопья овсяные, лук зелёный, базилик, орегано, разрыхлитель, соль, масло растительное;https://www.russianfood.com///img1.russianfood.com/dycontent/images_upl/506/sm_505480.jpg
Картофельные котлеты в беконе, запечённые в духовке;"Для любителей блюд из картофеля предлагаю приготовить очень простые картофельные котлеты, запечённые в духовке. Тёртый отварной картофель смешиваем с яйцом, сметаной и мукой, формируем котлетки, оборачиваем их беконом, запекаем. Получается нарядно, с копчёным ароматом за счёт мясного ""декора"" и совсем не сложно.картофель, бекон, яйца, сметана, мука, порошок чесночный, соль, перец чёрный молотый, лук зелёный";https://www.russianfood.com///img1.russianfood.com/dycontent/images_upl/550/sm_549064.jpg
Баклажаны, фаршированные консервированным тунцом, запечённые в духовке;"Тунец - весьма полезная для здоровья рыба, даже в консервированном виде. Его можно использовать для приготовления разных блюд. В сегодняшнем меню - запечённые баклажаны, фаршированные тунцом, сыром и луком. ""Лодочки"" из баклажанов запекаем в духовке, а из их мякоти готовим начинку с добавлением рыбы и томатного соуса. Сверху - сырный слой, который традиционно завершит кушанье лакомой корочкой.баклажан, тунец консервированный, лук репчатый, сыр твёрдый, масло сливочное, соус томатный, масло растительное, перец чёрный молотый, соль";https://www.russianfood.com///img1.russianfood.com/dycontent/images_upl/537/sm_536819.jpg
Запечённые зелёные помидоры, фаршированные петрушкой, чесноком и орехами;Зелёные помидоры можно не только солить или мариновать. Как насчёт запечённых зелёных помидоров с начинкой? Фаршируются помидоры в два захода: сперва — смесью зелени, соевого соуса, масла и чеснока, а после запекания — такой же смесью, но уже с добавлением измельчённых грецких орехов. Благодаря тому, что орехи, часть чеснока и петрушки остаются свежими, закуска получается ароматной и вкусной.помидоры зеленые, масло подсолнечное, орех грецкий, зелень петрушки, соус соевый, уксус столовый, чеснок;https://www.russianfood.com///img1.russianfood.com/dycontent/images_upl/540/sm_539757.jpg
Закусочный кабачковый торт с помидорами и майонезно-чесночным соусом;Из кабачков готовят оладьи, запеканки, рагу и много других блюд. А вот одно из самых вкусных и оригинальных блюд из этого овоща — закусочный кабачковый торт. Сочный и ароматный закусочный торт готовится из нежных кабачковых коржей, которые смазываются майонезом с чесночком и дополняются свежими помидорами и обжаренными луком и морковью. Очень вкусно, сытно и красиво.кабачки, яйца, мука, чеснок, соль, перец чёрный молотый, масло растительное, морковь, лук репчатый, помидоры, майонез, масло растительное, чеснок, зелень петрушки...;https://www.russianfood.com///img1.russianfood.com/dycontent/images_upl/520/sm_519364.jpg
Капустный манник с сыром;Вкусное дополнение к домашнему обеду или ужину – сытный капустный манник с сыром. Готовится манник на основе тушенной с луком капусты, молока и яйца. Перед выпеканием смазывается сметаной и посыпается тёртым сыром, что обеспечивает пирогу аппетитную румяную корочку.капуста белокочанная, крупа манная, молоко, сыр твёрдый, сметана, лук репчатый, масло сливочное, яйца, сухари панировочные, соль, перец чёрный молотый, укроп, укроп;https://www.russianfood.com///img1.russianfood.com/dycontent/images_upl/592/sm_591047.jpg
Чечевица с куриной печенью и овощами (на сковороде);Это простое в приготовлении и вкусное блюдо получается очень питательным благодаря красной чечевице и куриной печени, к тому же оба продукта быстро готовятся. Сладкий перец, кориандр и тимьян идеально дополняют блюдо ярким ароматом.печень куриная, чечевица красная, перец сладкий, лук репчатый, масло растительное, кориандр, тимьян, соль, перец чёрный молотый;https://www.russianfood.com///img1.russianfood.com/dycontent/images_upl/594/sm_593155.jpg
Картофельные веера с сыром;Вкусный картофель, запеченный с сыром. Отличный гарнир к мясным блюдам.картофель, масло сливочное, соль, перец чёрный молотый, сыр твёрдый, зелень, тимьян (чабрец, богородская трава), майоран;https://www.russianfood.com///img1.russianfood.com/dycontent/images_upl/29/sm_28471.jpg
Запеканка с картофелем, перцем и сардельками (на сковороде);Бывают ситуации, когда готовить в духовке нет возможности. В жару не хочется этого излишнего жара, который от нее исходит. Запеканка на сковороде поможет разнообразить рацион. Она получается очень вкусной. Запеканка из картофеля со свежим болгарским перцем очень аппетитно выглядит.картофель, мука пшеничная, сардельки, яйца, сыр твёрдый, помидоры, перец болгарский, зелень, соль, перец душистый молотый, масло подсолнечное;https://www.russianfood.com///img1.russianfood.com/dycontent/images_upl/144/sm_143549.jpg
Рубленые рыбные котлеты, тушенные в сливках;Простой рецепт сочных котлет из рубленого рыбного филе. Майонез добавит рыбным котлетам приятный привкус, а тушение на медленном огне в сливках сделает их нежными и сочными.филе трески, лук репчатый, хлеб белый, яйца, молоко, майонез, сливки, соль, перец молотый, масло растительное;https://www.russianfood.com///img1.russianfood.com/dycontent/images_upl/590/sm_589915.jpg
Курица с айвой, тушенная в соусе карри с кокосовым молоком;Ароматное вкусное блюдо, которое можно приготовить не только в будни, но и в праздник. При тушении айва отдаёт мясу птицы свой неповторимый аромат и лёгкую кислинку, а сам фрукт пропитывается соусом на основе кокосового молока и пряного карри. Зелень петрушки и сок лимона, добавленные в конце приготовления, придают свежий акцент.куриные ножки, айва, лук репчатый, молоко кокосовое, лимон, чеснок, корень имбиря, зелень петрушки, карри, соль, масло растительное;https://www.russianfood.com///img1.russianfood.com/dycontent/images_upl/542/sm_541718.jpg
Голубцы из пекинской капусты с куриным фаршем и сердечками;Голубцы из пекинской капусты с куриными сердечками и филе, без риса, получаются не такими сытными и калорийными, но такими же вкусными, как и классические голубцы. Готовятся голубцы в казанке под йогуртово-томатным соусом.капуста пекинская, куриное филе, сердце куриное, яйцо перепелиное, яйцо куриное, йогурт натуральный, томат-паста, масло растительное, зелень петрушки, соль, перец молотый;https://www.russianfood.com///img1.russianfood.com/dycontent/images_upl/540/sm_539839.jpg
Закусочные пирожные из куриной печени с сыром и морковью по-корейски;Простая и небанальная закуска из куриной печени. Выпекаем печёночный корж, нарезаем, смазываем сливочным сыром и дополняем морковью по-корейски. Получается празднично и очень вкусно - нежный сливочный сыр и пикантная морковь между слоями ароматных печёночных квадратиков.печень куриная, морковка корейская, сыр сливочный, яйца, чеснок, мука, разрыхлитель, травы сухие итальянские, соль, перец молотый, масло растительное;https://www.russianfood.com///img1.russianfood.com/dycontent/images_upl/548/sm_547478.jpg
Утка, тушенная с тыквой и яблоками, в сметане;Во время приготовления утки с яблоками, тыквой, луком и сметаной образуется довольно густой ароматный соус, которым можно приправить любой гарнир. При этом кусочки яблок и тыквы остаются целыми в готовом блюде и могут сами выступить в роли гарнира к тушеной птице.утка, тыква, яблоко, лук репчатый, сметана, масло растительное, перец чёрный молотый, соль, зелень;https://www.russianfood.com///img1.russianfood.com/dycontent/images_upl/548/sm_547636.jpg
Красная рыба, запечённая в маринаде с апельсиновым джемом;Очень нежной, сочной, с богатым ароматом получается красная рыба, запечённая в маринаде на основе апельсинового сока и джема, с добавлением соевого соуса и пряностей. Ваших усилий в приготовлении минимум, а результат непременно порадует, будь то праздничное застолье или обед в выходные дни.рыба красная, апельсин, горчица, джем апельсиновый, соус соевый, кориандр, кунжут;https://www.russianfood.com///img1.russianfood.com/dycontent/images_upl/586/sm_585853.jpg
Курица, копченная на сковороде с чаем;А вы знали, что можно приготовить копчёную курицу у себя дома, прямо на кухне, без лишних хлопот и почти без дыма? Наверняка этот рецепт, пришедший из азиатской кухни, будет многим в новинку. За основу возьмём более сочные кусочки курицы — бёдрышки. Предварительно птицу маринуем в смеси соевого соуса, мёда и белого вина, после готовим на пару и только потом коптим в самой обычной сковороде. Поверьте, несколько этапов приготовления приведут к очень аппетитному результату.Куриные бедрышки, соус соевый, мёд, вино белое сухое, мука, чай черный, сахар, соль, перец чёрный молотый;https://www.russianfood.com///img1.russianfood.com/dycontent/images_upl/520/sm_519083.jpg
Куриная грудка под секретным покрывалом;Нежная мягкая курочка с секретным ингредиентом.куриная грудка, сливки, крупа манная, масло оливковое, приправа, соль;https://www.russianfood.com///img1.russianfood.com/dycontent/images_upl/63/sm_62451.jpg
Капуста, запечённая с копчёными свиными рёбрами (в пакете);Чтобы приготовить ленивый вариант тушёной капусты, вам понадобится духовка и пакет для запекания. Всё нарезаем, соединяем в пакете и отправляем в духовку — что может быть проще? Капуста получается сочной и нежной, а если дополнить её каким-нибудь копчёным мясом, например свиными рёбрышками, она получится вкуснее вдвойне.капуста белокочанная, рёбрышки свиные, лук репчатый, морковь, масло подсолнечное, хмели-сунели, сахар, лавровый лист, соль, перец чёрный молотый;https://www.russianfood.com///img1.russianfood.com/dycontent/images_upl/548/sm_547314.jpg
Фаршированные баклажаны в микроволновке;Яркие и аппетитные фаршированные баклажаны можно быстро приготовить в микроволновой печи. Нежная мякоть баклажана соединяется майонезом с кусочками твёрдого сыра и помидора. Фаршированные баклажаны получаются насыщенными, благодаря помидору сочными, с приятным сливочным вкусом. К тому же блюдо не теряет своего вкуса и в холодном виде.баклажан, помидоры, сыр твёрдый, чеснок, масло растительное, майонез, соль, перец чёрный молотый, лук зелёный, зелень укропа, зелень петрушки;https://www.russianfood.com///img1.russianfood.com/dycontent/images_upl/528/sm_527087.jpg
Зразы из риса с грибами;Постное блюдо, которое порадует сочностью и приятным вкусом, – зразы из риса с грибной начинкой. Готовятся такие сытные котлеты из минимального набора простых продуктов. Нежный рис, ароматные грибочки и румяная корочка делают блюдо очень аппетитным.рис, шампиньоны, лук репчатый, крахмал, масло растительное, сухари панировочные, соль, перец чёрный молотый;https://www.russianfood.com///img1.russianfood.com/dycontent/images_upl/592/sm_591645.jpg
Запеченные кабачковые рулетики под яично-сырной заливкой;Cезон свежих кабачков в самом разгаре. Предлагаю приготовить кабачковые рулетики с морковью и зеленью, запеченные под яично-сырной заливкой. Сытная и вкусная овощная запеканка дополнит домашний обед или ужин.кабачки, масло оливковое, перец чёрный молотый, соль, морковь, зелень петрушки, зелень укропа, яйцо куриное, сыр твёрдый, сметана, соль, перец чёрный молотый;https://www.russianfood.com///img1.russianfood.com/dycontent/images_upl/192/sm_191517.jpg
Тефтели из куриной печени и сердечек, с рисом и сыром (в духовке);Сочными, ароматными и вкусными получаются тефтели из куриной печени и сердечек, с рисом и сыром. Субпродукты сперва отвариваются и измельчаются. Затем из фарша с добавлением сыра, яиц и отваренного риса формируются тефтели и обжариваются до румяности, после чего запекаются в томатном соусе. Такое блюдо отлично насытит, при этом ингредиенты достаточно бюджетны.печень куриная, сердце куриное, сыр твёрдый, рис, яйца, томат-паста, масло растительное, мука, чеснок, соль, перец чёрный молотый, зелень петрушки;https://www.russianfood.com///img1.russianfood.com/dycontent/images_upl/588/sm_587872.jpg
Свинина, тушенная с морковью по-корейски;Свинина, тушенная с луком и морковью по-корейски, - интересное блюдо для любителей простых рецептов. Вам понадобится всего лишь три основных ингредиента для его приготовления. Корейская морковь задаёт тон всему блюду, её пряность и сладость делают свинину нереально вкусной.свинина, морковка корейская, лук репчатый, масло подсолнечное, соль, перец чёрный молотый;https://www.russianfood.com///img1.russianfood.com/dycontent/images_upl/586/sm_585353.jpg
Рыба, запечённая в лаваше, с помидором и маринованным луком;Рыба, запечённая в лаваше, получается очень вкусной и сочной благодаря помидорам и луковому маринаду. Маринованный лук придаёт белой рыбе утончённый аромат, а помидор, майонез и свежая зелень делают её нежной. Перед запеканием поверхность лаваша смазывается яично-майонезной смесью с сыром, что обеспечивает аппетитную румяную корочку.филе рыбы, лаваш, лук репчатый, помидоры, сыр твёрдый, зелень, майонез, яйца, уксус столовый, соль, перец чёрный молотый, масло растительное;https://www.russianfood.com///img1.russianfood.com/dycontent/images_upl/582/sm_581253.jpg
Картофельное пюре с тремя видами сыра;Картофельное пюре с добавлением трёх видов сыра получается оригинальным, с нежным молочно-сырным вкусом и яркими нотками чеддера и пармезана. Алгоритм приготовления блюда привычен, но дополняется введением измельчённых сыров на финишном этапе в уже готовое пюре. На праздничном столе такой гарнир точно не останется незамеченным.картофель, сыр чеддер, сыр пармезан, сыр сливочный, масло сливочное, молоко, зелень петрушки, перец чёрный молотый, соль;https://www.russianfood.com///img1.russianfood.com/dycontent/images_upl/592/sm_591128.jpg
Котлеты из крабовых палочек с плавленым сыром и майонезом;Не все хозяйки знают, что крабовые палочки это не только компонент для салатов или закусок. Из них можно приготовить оригинальные и очень аппетитные котлетки. Они получаются вкусными и питательными, при этом отличаются нежным и вместе с тем насыщенным вкусом.крабовые палочки, сыр плавленый, чеснок, яйца, крупа манная, майонез, соль, перец чёрный молотый, масло растительное, сухари панировочные;https://www.russianfood.com///img1.russianfood.com/dycontent/images_upl/594/sm_593846.jpg
Запеканка капустная с адыгейским сыром (в мультиварке);Капустная запеканка с адыгейским сыром - быстрый и аппетитный обед или ужин. В ней используется молодая капуста, адыгейский сыр и зелень. Благодаря этому запеканка получается сочной и сытной.капуста белокочанная, чеснок, портулак, яйца, сыр, соль;https://www.russianfood.com///img1.russianfood.com/dycontent/images_upl/135/sm_134666.jpg
Запеканка из тыквы с фаршем и сыром;"Интересное сочетание мясного фарша и сладковатой тыквы. Для придания фаршу насыщенного вкуса предварительно обжариваем его с луком. При запекании тыква и фарш ""делятся"" соками, а также насыщаются молочным вкусом заливки и ароматом мускатного ореха. Тёртый сыр вместе с тыквой придают блюду аппетитный вид.фарш мясной, тыква, лук репчатый, сыр твёрдый, молоко, яйца, орех мускатный, масло сливочное, соль, перец молотый";https://www.russianfood.com///img1.russianfood.com/dycontent/images_upl/544/sm_543012.jpg
Салат из сельди, картофеля, яиц и лука;Кто не любит малосольную селедочку с отварной молодой картошкой?! Среди моих знакомых таких нет) Сегодня приготовим любимый салат моей семьи - из селедки, молодого картофеля и яиц.;https://www.russianfood.com///img1.russianfood.com/dycontent/images_upl/196/sm_195592.jpg
Ячневая каша с мясом и овощами;Ячневая крупа используется для приготовления основных блюд редко, и совершенно напрасно. Как пример - ячневая каша со свининой, болгарским перцем, морковью, луком. Блюдо вкусное, питательное и полезное.крупы, свинина, перец болгарский, лук репчатый, морковь, соус томатный, соль, перец чёрный молотый, масло подсолнечное;https://www.russianfood.com///img1.russianfood.com/dycontent/images_upl/590/sm_589885.jpg
Молодая капуста, тушенная с сосисками;Если к капусте добавить что-то мясное, получится вкусное второе блюдо. Молодая капуста, приготовленная по этому рецепту, получается очень нежной, а также ароматной благодаря подкопченным сосискам и веточкам укропа. Добавление томатной пасты и сметаны придаёт капусте интересные вкусовые нотки.капуста белокочанная, сосиски, лук репчатый, морковь, зелень укропа, сметана, томат-паста, масло сливочное, масло растительное, соль, перец чёрный молотый;https://www.russianfood.com///img1.russianfood.com/dycontent/images_upl/596/sm_595204.jpg
Закуска из свёклы с маринованными огурцами, плавленым сыром, орехами и чесноком;Пикантная закуска из свёклы, с маринованными огурчиками, плавленым сыром, орехами и чесноком дополнит не только повседневный, но и любой праздничный стол. Свекольную закуску можно подать на крекерах, подсушенном батоне, наполнить корзиночки.свекла, огурцы маринованные, сыр плавленый, орех грецкий, чеснок, майонез, соль;https://www.russianfood.com///img1.russianfood.com/dycontent/images_upl/542/sm_541234.jpg
Рыбные тефтели в томатно-грибном соусе;Рыбные тефтели по этому рецепту получаются очень вкусными, ведь тушатся они в томатно-грибном соусе. Соус из измельчённых в пюре помидоров и обжаренных шампиньонов пропитывает тефтели, преображая вкус рыбного блюда, делает его богатым и ярким. Готовятся такие тефтели достаточно просто.филе рыбы, помидоры, шампиньоны, лук репчатый, сухари панировочные, соль, перец чёрный молотый, масло растительное, лук зелёный;https://www.russianfood.com///img1.russianfood.com/dycontent/images_upl/522/sm_521467.jpg
Запечённая курица, тушенная в вине, со сливочно-коньячным соусом;Курица целиком тушится в вине и сливочном масле с луком, чесноком и зеленью, а затем смазывается маслом и желтком и запекается в духовке до румяной корочки. Птица получается исключительно аппетитной, нежной и ароматной. А соус с коньяком и сливками, с которым подаётся курица, делает её вкус ещё более ярким. Даже не верится, что такая великолепная курица готовится практически сама, от вас же требуется минимум усилий.цыпленок, чеснок, желток, сливки, вино белое сухое, масло сливочное, коньяк, лук репчатый, зелень петрушки, лавровый лист, орех мускатный, перец чёрный молотый, соль;https://www.russianfood.com///img1.russianfood.com/dycontent/images_upl/523/sm_522020.jpg
Куриная печень с грушами (на сковороде);Сочетание груш и куриной печени давно обыгрывается в кулинарии. Это оригинальное по своему вкусу и простоте приготовления блюдо прочно закрепилось и в нашем семейном меню в сезон груш - ведь это вкусно, быстро и недорого. Печень получается нежной, мягкой, сочной и очень ароматной.печень куриная, груша, лук репчатый, масло растительное, соль, перец чёрный молотый, вода;https://www.russianfood.com///img1.russianfood.com/dycontent/images_upl/532/sm_531092.jpg
Постные рисовые котлеты с грибами;Весьма вкусные и аппетитные постные котлеты из риса с грибами. Рис для котлет предварительно отваривается, а грибы обжариваются с морковью и луком. Небольшие котлеты в мучной панировке жарятся до румяной корочки. Такое блюдо непременно разнообразит постное меню и не отнимет много времени на приготовление.рис, шампиньоны, морковь, лук репчатый, мука, масло растительное, укроп, соль, перец чёрный молотый;https://www.russianfood.com///img1.russianfood.com/dycontent/images_upl/590/sm_589732.jpg
"Куриное филе ""под свинину""";Кусочки филе сначала маринуются в смеси соды, крахмала и лимонного сока, а после быстро обжариваются на сковороде. Пусть вас не смущает сода - она вступает в реакцию с лимонным соком и помогает размягчить мясные волокна. Филе получается сочным, абсолютно не сухим. Невероятно вкусная курочка, приготовленная по-особенному, напоминает свиной карбонад.куриное филе, лимон, сода, крахмал картофельный, мука, соль, масло подсолнечное;https://www.russianfood.com///img1.russianfood.com/dycontent/images_upl/583/sm_582668.jpg
"Овощной ""пирог""";Это овощи и грибы, запеченные под слоеным тестом.лук-порей, шампиньоны, морковь, горошек зеленый мороженый, масло оливковое, эстрагон, бульон овощной, тесто слоеное, пармезан, соль, перец чёрный молотый...;https://www.russianfood.com///img1.russianfood.com/dycontent/images_upl/66/sm_65912.jpg
Перловая каша с помидорами, или Томатное перлотто;Перловая каша может заиграть новыми нотками вкуса, если приготовить её с соусом из консервированных томатов. Пока варится перловка, лук с чесноком сперва обжарим, а затем потушим с помидорами и томатным соусом. Для аромата добавим пряные травы. Совсем не сложно и очень вкусно!перловка, помидоры консервированные в собственном соку, соус томатный, лук репчатый, чеснок, розмарин, базилик, сахар, масло растительное, соль, перец чёрный молотый;https://www.russianfood.com///img1.russianfood.com/dycontent/images_upl/594/sm_593438.jpg
Картофельные зразы с капустой и беконом;Зразы по этому рецепту представляют собой картофельные пирожки, обжаренные до золотистой корочки. В качестве начинки - тушёная капуста, копчёный бекон и морковь с луком. Картофель прекрасно сочетается с капустой, в результате получается сбалансированный вкус. Аппетитные картофельные зразы с капустой – доступный ужин для всей семьи.картофель розовый, молоко, мука, яйца, соль, перец чёрный молотый, бекон, капуста белокочанная, морковь, лук репчатый, рассол огуречный, уксус яблочный, сахар, соль...;https://www.russianfood.com///img1.russianfood.com/dycontent/images_upl/539/sm_538660.jpg
Гречка с куриными сердечками и солёными огурцами (на сковороде);Гречка в сковороде получается рассыпчатой, а чтобы из банального гарнира получилось полноценное блюдо, добавим к ней куриные сердечки и обжаренные солёные огурцы с луком и морковью. Сердечки сделают гречку сытнее, а солёные огурцы придадут необычный вкусовой оттенок. Отличное блюдо из простых ингредиентов!крупа гречневая, сердце куриное, огурцы солёные, лук репчатый, морковь, чеснок, масло подсолнечное, соль, перец чёрный молотый;https://www.russianfood.com///img1.russianfood.com/dycontent/images_upl/584/sm_583318.jpg
Рагу с курицей, картошкой, стручковой фасолью и помидорами (в духовке)НОВЫЙ;Интересный рецепт сытного рагу с курицей, картошкой, томатами и стручковой фасолью. Готовить рагу будем в духовке, под фольгой, за счёт чего и овощи, и куриное мясо получаются сочными. А насыщенный вкус рагу обеспечивает томатная паста.куриное филе, картофель, помидоры, морковь, фасоль стручковая, лук репчатый, томат-паста, чеснок, травы пряные, масло растительное, соль, перец чёрный молотый;https://www.russianfood.com///img1.russianfood.com/dycontent/images_upl/595/sm_594462.jpg
Караси, запечённые с картошкой в майонезно-чесночном соусе (в духовке)НОВЫЙ;Караси, запечённые с картошкой в майонезно-чесночном соусе, — сытное второе блюдо, которое можно приготовить к обеду и ужину. В нём и нежная ароматная рыбка и мягкий нежный картофель на гарнир. Благодаря вкусному соусу на основе майонеза блюдо получается крайне аппетитным.карась, картофель, майонез, чеснок, масло растительное, приправа, соль, перец чёрный молотый;https://www.russianfood.com///img1.russianfood.com/dycontent/images_upl/595/sm_594978.jpg
Солёная селёдка в горчичном соусеНОВЫЙ;Солёная селёдка, маринованная в горчичном соусе, с луком, — отличная закуска как на каждый день, так и к праздничному столу. С разделкой рыбы придётся немного повозиться, так как мариновать будем именно филе. А вот маринад из двух видов горчицы, соли, сахара, уксуса и растительного масла готовится элементарно. Закуска будет готова уже на следующий день.сельдь м\с, лук репчатый, горчица, горчица столовая, сахар, уксус столовый, масло растительное, соль, вода;https://www.russianfood.com///img1.russianfood.com/dycontent/images_upl/593/sm_592613.jpg
Макароны с консервированным тунцом, шпинатом и йогуртомНОВЫЙ;Имея в запасе баночку консервированного тунца, можно быстро и просто приобщиться к средиземноморской кухне. Приготовим макароны, а для соуса возьмём греческий йогурт, рыбу и витаминный шпинат. Йогурт прекрасно раскрывает изысканный вкус шпината и тунца, пропитывает макароны и придаёт им приятную сливочную нотку. Блюдо получается питательным, но в то же время лёгким.макароны, тунец консервированный, шпинат, йогурт, масло оливковое, соль, перец чёрный молотый;https://www.russianfood.com///img1.russianfood.com/dycontent/images_upl/596/sm_595776.jpg
Тушёные куриные сердечки с грибами и сметанойНОВЫЙ;Отличный рецепт приготовления вкусных куриных сердечек. Благодаря длительному тушению сердечки получаются очень мягкими и нежными. А сметана вместе с грибами, обжаренными с луком, придают блюду питательность, аромат и приятный привкус.сердце куриное, шампиньоны, лук репчатый, сметана, масло растительное, соль, перец чёрный молотый;https://www.russianfood.com///img1.russianfood.com/dycontent/images_upl/596/sm_595341.jpg
Рис с колбасой и помидорами, на сковородеНОВЫЙ;По этому рецепту не нужно отдельно варить рис, всё готовится в одной посуде. Рассыпчатый рис в сочетании с ароматной колбасой и сочным помидором составляют очень вкусное трио. А добавление майонеза придаёт блюду интересный привкус и завершённость.;https://www.russianfood.com///img1.russianfood.com/dycontent/images_upl/596/sm_595783.jpg
Майонез с обжаренным чеснокомНОВЫЙ;Майонез по этому рецепту получается средней густоты, с небольшой кислинкой и обладает выраженным ореховым послевкусием благодаря обжаренному чесноку. Соус отлично подойдёт к мясным и рыбным блюдам, для маринования мяса, овощей перед запеканием, для приготовления бутербродов и салатов. Экспериментируйте!;https://www.russianfood.com///img1.russianfood.com/dycontent/images_upl/596/sm_595948.jpg
Тушёная молодая капуста с сосисками и фасольюНОВЫЙ;Тушёная молодая белокочанная капуста — удачный вариант быстрого ужина. Чтобы блюдо получилось сытным, добавим к капусте фасоль и сосиски. Фасоль даже не нужно варить заранее — используем консервированную. А томатная паста, чеснок и карри сделают вкус блюда ярче.капуста белокочанная, фасоль консервированная, сосиски, лук репчатый, чеснок, томат-паста, карри, соль, перец чёрный молотый, масло растительное;https://www.russianfood.com///img1.russianfood.com/dycontent/images_upl/596/sm_595533.jpg
Кускус со шпинатом в сливочном соусеНОВЫЙ;Простой и быстрый в приготовлении гарнир из нескольких основных продуктов. Вкус и яркость блюду задаёт сливочный соус с нежным шпинатом, чесноком, зелёным луком и пряностями. Кускус получается ароматным и приобретает лёгкие сливочные нотки.;https://www.russianfood.com///img1.russianfood.com/dycontent/images_upl/596/sm_595551.jpg
Картошка, запечённая под морковно-сырной шубкойНОВЫЙ;Картошка, запечённая под морковно-сырной шубкой, получается сочной, сытной и вкусной. Готовится блюдо из доступных и недорогих продуктов. Морковь и лук перед запеканием сперва обжариваем, так их вкус будет более выраженным в готовом блюде. А сметана и сыр придадут овощам яркий сливочный оттенок.;https://www.russianfood.com///img1.russianfood.com/dycontent/images_upl/597/sm_596036.jpg
Тефтели в молочно-сырном соусеНОВЫЙ;Нежные, вкусные и очень простые в приготовлении тефтели из куриного фарша станут настоящей палочкой-выручалочкой. Благодаря соусу из молока и плавленого сыра, в котором тушатся мясные шарики, они получаются сочными, с насыщенным сливочным вкусом. А густая подливка облагородит любой гарнир.;https://www.russianfood.com///img1.russianfood.com/dycontent/images_upl/596/sm_595715.jpg
